SMILES,Label,pred_prob,pred_label,cc50_uM,AD_status,AD_max_Tanimoto,nearest_train_SMILES,nearest_train_Label,valid_smiles
CC[C@H](C)[C@@H]1NC(=O)[C@@H]2CCCN2C(=O)[C@H](Cc2c[nH]c3ccccc23)NC(=O)[C@H](CO)NC(=O)[C@@H]2CSSC[C@@H]3NC(=O)[C@H]([C@@H](C)O)NC(=O)[C@H](CCC(=O)O)NC(=O)CNC(=O)[C@H]4CSSC[C@H](NC(=O)CNC(=O)[C@@H]5CCCN5C(=O)[C@H]([C@@H](C)O)NC(=O)[C@H](CC(N)=O)NC(=O)[C@H](CSSC[C@H](NC1=O)C(=O)N[C@@H]([C@@H](C)O)C(=O)N[C@@H](CCCNC(=N)N)C(=O)N[C@@H](CC(N)=O)C(=O)NCC(=O)N[C@@H](CC(C)C)C(=O)N1CCC[C@H]1C(=O)N[C@@H](C(C)C)C(=O)N4)NC(=O)[C@H]([C@@H](C)O)NC(=O)CNC(=O)CNC(=O)[C@H](C(C)C)NC3=O)C(=O)N[C@@H](C(C)C)C(=O)N2,1,1.0,1,7.5,Inside AD,0.9516129032258065,CC(C)C[C@@H]1NC(=O)CNC(=O)[C@H](CC(N)=O)NC(=O)[C@H](CCCNC(=N)N)NC(=O)[C@H]([C@@H](C)O)NC(=O)[C@@H]2CSSC[C@@H]3NC(=O)[C@H]([C@@H](C)O)NC(=O)CNC(=O)CNC(=O)[C@H](C(C)C)NC(=O)[C@@H]4CSSC[C@H](NC(=O)[C@H](C(C)C)NC(=O)[C@H](CSSC[C@@H](NC(=O)[C@H](C(C)C)NC(=O)[C@@H]5CCCN5C1=O)C(=O)NCC(=O)N[C@@H](CCC(=O)O)C(=O)N[C@@H]([C@@H](C)O)C(=O)N4)NC(=O)CNC(=O)[C@@H]1CCCN1C(=O)[C@H]([C@@H](C)O)NC(=O)[C@H](CC(N)=O)NC3=O)C(=O)N[C@@H](CO)C(=O)N[C@@H](Cc1c[nH]c3ccccc13)C(=O)N1CCC[C@H]1C(=O)N[C@@H](C(C)C)C(=O)N2,1,True
CCCOC(=O)C1=CC[C@@]23CC[C@@H]([C@@](C)(/C=C/C=C(\C)C(=O)O)OC2=O)[C@@]3(OC(C)=O)CC1,1,0.998,1,0.238,Inside AD,0.8985507246376812,CCCCCOC(=O)C1=CC[C@@]23CC[C@@H]([C@@](C)(/C=C/C=C(\C)C(=O)O)OC2=O)[C@@]3(OC(C)=O)CC1,1,True
COc1cc2nccc(Oc3ccc4c(c3)OCCN4C(=O)Nc3cccc(Cl)c3)c2cc1OC,1,0.992,1,0.0004,Inside AD,0.8382352941176471,COc1cc2nccc(Oc3ccc4c(c3)OCCN4C(=O)Nc3ccc(Cl)cc3)c2cc1OC,1,True
Cc1cc(C(=O)Nc2ccc(C)c(Oc3ccc4nc(NC(=O)C5CC5)nn4c3)c2)n(C)n1,1,0.992,1,0.067,Inside AD,0.782608695652174,Cc1cc(C(=O)Nc2cccc(Oc3ccc4nc(NC(=O)C5CC5)nn4c3)c2)n(C)n1,1,True
Cc1ccsc1C(=O)/C=C/c1cc2cccc(C)c2nc1Cl,1,0.992,1,0.18896,Inside AD,0.8541666666666666,Cc1cccc2cc(/C=C/C(=O)c3sccc3Cl)c(Cl)nc12,1,True
CCC(C)n1ncn(-c2ccc(N3CCN(c4ccc(OC[C@@H]5CO[C@@](Cn6cc(C)nc6C)(c6ccc(Cl)cc6Cl)O5)cc4)CC3)cc2)c1=O,1,0.99,1,0.492,Inside AD,0.8555555555555555,CCC(C)n1ncn(-c2ccc(N3CCN(c4ccc(OC[C@@H]5CO[C@@](Cn6cc(C(F)(F)F)nc6C)(c6ccc(Cl)cc6Cl)O5)cc4)CC3)cc2)c1=O,1,True
CC(=O)O[C@]12CCC(C(=O)OCC(C)C)=CC[C@]13CC[C@H]2[C@@](C)(/C=C/C=C(\C)C(=O)O)OC3=O,1,0.988,1,0.278,Inside AD,0.8591549295774648,CC(=O)O[C@]12CCC(C(=O)OCCC(C)C)=CC[C@]13CC[C@H]2[C@@](C)(/C=C/C=C(\C)C(=O)O)OC3=O,1,True
Cc1ccc2nc(Cl)c(/C=C/C(=O)c3sccc3Br)cc2c1,1,0.988,1,0.06191,Inside AD,0.8571428571428571,Cc1ccc2cc(/C=C/C(=O)c3sccc3Br)c(Cl)nc2c1,1,True
CC(C)C[C@@H]1NC(=O)CNC(=O)[C@H](CC(N)=O)NC(=O)[C@H](CCCNC(=N)N)NC(=O)[C@H]([C@@H](C)O)NC(=O)[C@@H]2CSSC[C@@H]3NC(=O)[C@H]([C@@H](C)O)NC(=O)CNC(=O)CNC(=O)[C@H](C(C)C)NC(=O)[C@@H]4CSSC[C@H](NC(=O)[C@H]([C@@H](C)O)NC(=O)[C@H](CSSC[C@H](NC(=O)[C@H](C(C)C)NC(=O)[C@@H]5CCCN5C1=O)C(=O)NCC(=O)N[C@@H](CCC(=O)O)C(=O)N[C@@H]([C@@H](C)O)C(=O)N4)NC(=O)CNC(=O)[C@@H]1CCCN1C(=O)[C@H]([C@@H](C)O)NC(=O)[C@H](CC(N)=O)NC3=O)C(=O)N[C@@H](CO)C(=O)N[C@@H](Cc1c[nH]c3ccccc13)C(=O)N1CCC[C@H]1C(=O)N[C@@H](C(C)C)C(=O)N2,1,0.988,1,5.1,Inside AD,1.0,CC(C)C[C@@H]1NC(=O)CNC(=O)[C@H](CC(N)=O)NC(=O)[C@H](CCCNC(=N)N)NC(=O)[C@H]([C@@H](C)O)NC(=O)[C@@H]2CSSC[C@@H]3NC(=O)[C@H]([C@@H](C)O)NC(=O)CNC(=O)CNC(=O)[C@H](C(C)C)NC(=O)[C@@H]4CSSC[C@H](NC(=O)[C@H](C(C)C)NC(=O)[C@H](CSSC[C@@H](NC(=O)[C@H](C(C)C)NC(=O)[C@@H]5CCCN5C1=O)C(=O)NCC(=O)N[C@@H](CCC(=O)O)C(=O)N[C@@H]([C@@H](C)O)C(=O)N4)NC(=O)CNC(=O)[C@@H]1CCCN1C(=O)[C@H]([C@@H](C)O)NC(=O)[C@H](CC(N)=O)NC3=O)C(=O)N[C@@H](CO)C(=O)N[C@@H](Cc1c[nH]c3ccccc13)C(=O)N1CCC[C@H]1C(=O)N[C@@H](C(C)C)C(=O)N2,1,True
Cc1cc(C(=O)Nc2cccc(C(=O)c3ccc4c(/C=C/c5ccccn5)n[nH]c4c3)c2)cc(Cl)n1,1,0.986,1,0.0027,Inside AD,0.8208955223880597,O=C(Nc1cccc(C(=O)c2ccc3c(/C=C/c4ccccn4)n[nH]c3c2)c1)c1ccnc(Cl)c1,1,True
CCC(C)n1ncn(-c2ccc(N3CCN(c4ccc(OC[C@@H]5CO[C@@](Cn6cncn6)(c6ccc(Cl)cc6Cl)O5)cc4)CC3)cn2)c1=O,1,0.9855714285714285,1,0.1878,Inside AD,0.9204545454545454,CCC(C)n1ncn(-c2ccc(N3CCN(c4ccc(OC[C@@H]5CO[C@@](Cn6cncn6)(c6ccc(Cl)cc6Cl)O5)cc4)CC3)nc2)c1=O,1,True
CC(C)[C@]12O[C@H]1[C@@H]1O[C@]13[C@]1(O[C@H]1C[C@H]1C4=C(CC[C@@]13C)C(=O)OC4)[C@@H]2OC(=O)CCC(=O)O[C@H]1[C@H](O)[C@@H](CO)OC(O)[C@@H]1O,1,0.984,1,4.93,Inside AD,0.9078947368421053,CC(C)[C@]12O[C@H]1[C@@H]1O[C@]13[C@]1(O[C@H]1C[C@H]1C4=C(CC[C@@]13C)C(=O)OC4)[C@@H]2OC(=O)CCC(=O)O[C@H]1C(O)O[C@H](CO)[C@@H](O)[C@@H]1O,1,True
COc1cc2nccc(Oc3ccc4c(NC(=O)c5ccc(F)c(Cl)c5)nn(C)c4c3)c2cc1OC,1,0.984,1,0.009,Inside AD,0.8333333333333334,COc1cc2nccc(Oc3ccc4c(NC(=O)c5ccc(Cl)cc5)nn(C)c4c3)c2cc1OC,1,True
CCCC[C@@H](C)C[C@@H]1NC(=O)[C@H](Cc2cn(OC)c3ccccc23)N(C)C(=O)[C@H](CC(C)C)NC(=O)[C@H](CC(C)C)N(C)C(=O)[C@H](C[C@H](C)CCCC)NC(=O)[C@H](C)OC[C@H](C)N(C)C1=O,1,0.9828571428571429,1,0.63,Inside AD,1.0,CCCC[C@@H](C)C[C@@H]1NC(=O)[C@H](Cc2cn(OC)c3ccccc23)N(C)C(=O)[C@H](CC(C)C)NC(=O)[C@H](CC(C)C)N(C)C(=O)[C@H](C[C@H](C)CCCC)NC(=O)[C@@H](C)OC[C@H](C)N(C)C1=O,1,True
COc1cc2nccc(Oc3ccc4c(C(=O)Nc5cc(C)on5)cccc4c3)c2cc1OC,1,0.982,1,0.006,Inside AD,0.803030303030303,COc1cc2nccc(Oc3ccc4c(C(=O)Nc5cc(C(C)(C)C)on5)cccc4c3)c2cc1OC,1,True
Cc1ccc2cc(/C=C/C(=O)c3sccc3Cl)c(Cl)nc2c1,1,0.978,1,0.03402,Inside AD,0.8333333333333334,Cc1ccc2cc(/C=C/C(=O)c3sccc3C)c(Cl)nc2c1,1,True
CCO/N=C(\C)c1ccc2c(c1)c1c3c(c4c(c1n2C(C)C)CCc1nn(C)cc1-4)C(=O)NC3,1,0.978,1,0.004,Inside AD,0.88,C/C(=N\OCC(C)C)c1ccc2c(c1)c1c3c(c4c(c1n2C(C)C)CCc1nn(C)cc1-4)C(=O)NC3,1,True
COc1cc2c(Nc3ccc(Cl)cc3F)ncnc2cc1OCCC1CCN(C)CC1,1,0.976,1,3.0,Inside AD,0.84375,COc1cc2c(Nc3ccc(Cl)cc3F)ncnc2cc1OCC1CCN(C)CC1,1,True
CCC1=C[C@@H]2CN(C1)/C(C(=O)NC(C)C)=C(/C(=O)OC)Cc1c([nH]c3ccccc13)[C@@](C(=O)OC)(c1cc3c(cc1OC)N(C)[C@H]1[C@@](O)(C(=O)OC)[C@H](OC(C)=O)[C@]4(CC)C=CCN5CC[C@]31[C@@H]54)C2,1,0.976,1,0.7,Inside AD,0.9130434782608695,CCC1=C[C@@H]2CN(C1)/C(C(=O)OC)=C(/C(=O)OC)Cc1c([nH]c3ccccc13)[C@@](C(=O)OC)(c1cc3c(cc1OC)N(C)[C@H]1[C@@](O)(C(=O)OC)[C@H](OC(C)=O)[C@]4(CC)C=CCN5CC[C@]31[C@@H]54)C2,1,True
CS(=O)(=O)Cc1cccc(Nc2nccc(Oc3ccc4c(C(=O)Nc5cccnc5)cccc4c3)n2)c1,1,0.97,1,0.0016,Inside AD,0.8676470588235294,CS(=O)(=O)Cc1cccc(Nc2nccc(Oc3ccc4c(C(=O)Nc5ccncc5)cccc4c3)n2)c1,1,True
